label,landmark_0_x,landmark_0_y,landmark_0_z,landmark_1_x,landmark_1_y,landmark_1_z,landmark_2_x,landmark_2_y,landmark_2_z,landmark_3_x,landmark_3_y,landmark_3_z,landmark_4_x,landmark_4_y,landmark_4_z,landmark_5_x,landmark_5_y,landmark_5_z,landmark_6_x,landmark_6_y,landmark_6_z,landmark_7_x,landmark_7_y,landmark_7_z,landmark_8_x,landmark_8_y,landmark_8_z,landmark_9_x,landmark_9_y,landmark_9_z,landmark_10_x,landmark_10_y,landmark_10_z,landmark_11_x,landmark_11_y,landmark_11_z,landmark_12_x,landmark_12_y,landmark_12_z,landmark_13_x,landmark_13_y,landmark_13_z,landmark_14_x,landmark_14_y,landmark_14_z,landmark_15_x,landmark_15_y,landmark_15_z,landmark_16_x,landmark_16_y,landmark_16_z,landmark_17_x,landmark_17_y,landmark_17_z,landmark_18_x,landmark_18_y,landmark_18_z,landmark_19_x,landmark_19_y,landmark_19_z,landmark_20_x,landmark_20_y,landmark_20_z
ONE_FINGER,0.000000,0.000000,0.000000,0.188303,0.269305,-0.146632,0.475721,0.470637,-0.266875,0.667495,0.382528,-0.379483,0.708749,0.114608,-0.487825,0.966014,0.182178,-0.283869,1.404202,0.220937,-0.474899,1.676479,0.253872,-0.589267,1.911249,0.247446,-0.671009,0.934387,-0.149337,-0.323450,1.007324,0.084091,-0.581868,0.645928,0.186410,-0.615470,0.475389,0.160426,-0.591125,0.827503,-0.427167,-0.374653,0.812642,-0.189090,-0.624537,0.495395,-0.037133,-0.563885,0.377982,-0.035189,-0.470310,0.672209,-0.671073,-0.437770,0.689044,-0.469462,-0.590260,0.480723,-0.289844,-0.523164,0.385582,-0.259132,-0.442932
ONE_FINGER,0.000000,0.000000,0.000000,0.186950,0.270571,-0.146381,0.473149,0.475418,-0.266710,0.663985,0.382441,-0.379404,0.700221,0.111110,-0.488189,0.963787,0.182055,-0.284693,1.399593,0.220878,-0.476860,1.671537,0.254583,-0.593530,1.906627,0.251177,-0.677292,0.933784,-0.150036,-0.324863,1.001366,0.086015,-0.586464,0.642849,0.190536,-0.624854,0.469262,0.166050,-0.603949,0.827281,-0.427441,-0.376152,0.812722,-0.188228,-0.626565,0.497935,-0.036596,-0.568361,0.377829,-0.033847,-0.476752,0.671664,-0.670948,-0.439491,0.687116,-0.466538,-0.593131,0.480043,-0.287404,-0.528046,0.384230,-0.254484,-0.449049
ONE_FINGER,0.000000,0.000000,0.000000,0.187202,0.271204,-0.146662,0.470375,0.477672,-0.269767,0.658113,0.389865,-0.385884,0.688692,0.116370,-0.498582,0.964049,0.180072,-0.287004,1.400207,0.221342,-0.479766,1.672630,0.257884,-0.597513,1.908467,0.256369,-0.682322,0.932552,-0.150707,-0.328076,1.001526,0.087400,-0.590113,0.643116,0.193401,-0.629156,0.470173,0.168515,-0.609087,0.825178,-0.426523,-0.379959,0.815320,-0.186769,-0.630151,0.501199,-0.033784,-0.571323,0.380225,-0.031763,-0.479702,0.669405,-0.668847,-0.444013,0.689589,-0.465008,-0.597341,0.483266,-0.285022,-0.531456,0.385468,-0.251861,-0.452168
ONE_FINGER,0.000000,0.000000,0.000000,0.184206,0.273932,-0.151548,0.470444,0.481741,-0.274842,0.662677,0.380295,-0.389767,0.698746,0.104073,-0.501022,0.965819,0.180384,-0.286234,1.403385,0.218891,-0.478773,1.676471,0.254620,-0.596278,1.913660,0.251643,-0.680932,0.933403,-0.152833,-0.324654,1.004236,0.081310,-0.589148,0.639832,0.191250,-0.629001,0.465738,0.167064,-0.607791,0.825590,-0.430431,-0.374441,0.817714,-0.198734,-0.628078,0.498991,-0.041712,-0.569323,0.378833,-0.038856,-0.476163,0.669091,-0.675113,-0.436444,0.691422,-0.475055,-0.592215,0.481987,-0.293593,-0.525592,0.385208,-0.261767,-0.444752
ONE_FINGER,0.000000,0.000000,0.000000,0.184562,0.275349,-0.151969,0.468869,0.481571,-0.276200,0.662401,0.377600,-0.392430,0.701643,0.102888,-0.504964,0.965738,0.183044,-0.288137,1.402053,0.220434,-0.481820,1.674995,0.252841,-0.599843,1.911389,0.248560,-0.684587,0.933155,-0.150302,-0.326545,0.998992,0.080264,-0.593486,0.636945,0.190653,-0.634606,0.461698,0.170600,-0.614016,0.824597,-0.426901,-0.376267,0.814452,-0.198738,-0.630411,0.497244,-0.041529,-0.571984,0.375137,-0.033684,-0.479043,0.668067,-0.670113,-0.438464,0.686843,-0.474169,-0.593959,0.479374,-0.293201,-0.528430,0.383193,-0.256160,-0.448398
ONE_FINGER,0.000000,0.000000,0.000000,0.182613,0.276815,-0.158004,0.463995,0.485447,-0.285148,0.656063,0.381150,-0.403094,0.697030,0.109480,-0.516966,0.965204,0.183782,-0.291600,1.398481,0.218875,-0.487340,1.672391,0.248783,-0.606871,1.908767,0.243150,-0.692338,0.932682,-0.151625,-0.327284,0.993793,0.075258,-0.597737,0.631005,0.189947,-0.640576,0.455131,0.175064,-0.620178,0.823878,-0.428414,-0.374887,0.809817,-0.205761,-0.631562,0.494161,-0.046202,-0.574092,0.373798,-0.034943,-0.481265,0.667292,-0.671217,-0.435548,0.680595,-0.478279,-0.592746,0.473326,-0.296407,-0.528294,0.379089,-0.256761,-0.448606
ONE_FINGER,0.000000,0.000000,0.000000,0.181379,0.273641,-0.162712,0.457137,0.480431,-0.290755,0.648895,0.365666,-0.408766,0.697045,0.103611,-0.521728,0.963249,0.185748,-0.290946,1.386403,0.212229,-0.487521,1.658864,0.229914,-0.606802,1.892694,0.218028,-0.691390,0.933500,-0.156523,-0.322613,0.975427,0.059296,-0.594776,0.618236,0.179910,-0.638736,0.443316,0.179944,-0.618426,0.824733,-0.433673,-0.366995,0.790133,-0.222003,-0.622473,0.482988,-0.061200,-0.567453,0.368409,-0.038507,-0.476748,0.668460,-0.675669,-0.425457,0.659025,-0.491263,-0.581256,0.455592,-0.310396,-0.520814,0.368769,-0.259308,-0.443955
ONE_FINGER,0.000000,0.000000,0.000000,0.181379,0.273641,-0.162712,0.457137,0.480431,-0.290755,0.648895,0.365666,-0.408766,0.697045,0.103611,-0.521728,0.963249,0.185748,-0.290946,1.386403,0.212229,-0.487521,1.658864,0.229914,-0.606802,1.892694,0.218028,-0.691390,0.933500,-0.156523,-0.322613,0.975427,0.059296,-0.594776,0.618236,0.179910,-0.638736,0.443316,0.179944,-0.618426,0.824733,-0.433673,-0.366995,0.790133,-0.222003,-0.622473,0.482988,-0.061200,-0.567453,0.368409,-0.038507,-0.476748,0.668460,-0.675669,-0.425457,0.659025,-0.491263,-0.581256,0.455592,-0.310396,-0.520814,0.368769,-0.259308,-0.443955
ONE_FINGER,0.000000,0.000000,0.000000,0.182625,0.271557,-0.162287,0.453649,0.478758,-0.290695,0.638115,0.367405,-0.409439,0.676233,0.108347,-0.522813,0.960774,0.185803,-0.289903,1.376930,0.210048,-0.486514,1.648579,0.222626,-0.605414,1.880650,0.209021,-0.689452,0.933326,-0.159575,-0.321619,0.963432,0.054884,-0.592828,0.612428,0.177359,-0.636815,0.437739,0.185057,-0.617044,0.824593,-0.436636,-0.366198,0.777646,-0.223142,-0.618616,0.478461,-0.064229,-0.565245,0.366793,-0.037691,-0.476779,0.667932,-0.676393,-0.425434,0.644345,-0.492765,-0.578280,0.445478,-0.311985,-0.520176,0.362404,-0.254791,-0.445646
ONE_FINGER,0.000000,0.000000,0.000000,0.182113,0.268564,-0.162514,0.450552,0.478013,-0.290773,0.633017,0.374259,-0.409280,0.668331,0.118800,-0.522074,0.959848,0.185220,-0.287068,1.371419,0.205192,-0.482763,1.642588,0.214533,-0.601274,1.873911,0.198714,-0.685028,0.934085,-0.162447,-0.317957,0.959057,0.048528,-0.587784,0.610022,0.173081,-0.631537,0.435406,0.184928,-0.611565,0.825685,-0.440529,-0.361864,0.770186,-0.228521,-0.612565,0.475880,-0.069678,-0.560324,0.367062,-0.041636,-0.472961,0.669154,-0.680796,-0.420679,0.637324,-0.497328,-0.572567,0.440019,-0.317125,-0.515819,0.359033,-0.258052,-0.442285
ONE_FINGER,0.000000,0.000000,0.000000,0.184139,0.266618,-0.157624,0.453846,0.475129,-0.283435,0.639466,0.366562,-0.400774,0.672992,0.108328,-0.512743,0.960415,0.183796,-0.282644,1.370192,0.198763,-0.476631,1.639698,0.203752,-0.594192,1.869664,0.185625,-0.677516,0.934566,-0.165154,-0.315135,0.953987,0.040080,-0.582787,0.608214,0.165254,-0.626261,0.433555,0.181113,-0.606983,0.825016,-0.443035,-0.360163,0.766056,-0.234745,-0.607891,0.474693,-0.075430,-0.555757,0.364306,-0.043206,-0.469344,0.667605,-0.683422,-0.419985,0.632376,-0.503360,-0.570072,0.438058,-0.323084,-0.514438,0.357459,-0.258397,-0.442072
ONE_FINGER,0.000000,0.000000,0.000000,0.185994,0.266262,-0.154119,0.455966,0.474681,-0.278919,0.641663,0.371602,-0.396276,0.673072,0.111933,-0.508578,0.962974,0.182974,-0.278760,1.372440,0.195326,-0.471179,1.641102,0.199037,-0.588888,1.870228,0.179208,-0.672683,0.935334,-0.164913,-0.312976,0.955627,0.037453,-0.579652,0.610643,0.163552,-0.624109,0.434304,0.180147,-0.605939,0.823925,-0.442635,-0.359259,0.768063,-0.236176,-0.604930,0.477684,-0.076054,-0.552691,0.364260,-0.043154,-0.466743,0.665453,-0.683062,-0.420168,0.633613,-0.504649,-0.568800,0.440624,-0.324942,-0.512963,0.358672,-0.259112,-0.440808
ONE_FINGER,0.000000,0.000000,0.000000,0.186380,0.265934,-0.151734,0.457748,0.473406,-0.275201,0.647163,0.367444,-0.391677,0.683443,0.106016,-0.503378,0.964132,0.181896,-0.277830,1.375493,0.192985,-0.471004,1.644232,0.197033,-0.589961,1.873794,0.177692,-0.674780,0.935428,-0.164965,-0.312669,0.957023,0.034142,-0.579127,0.611346,0.159263,-0.623561,0.435560,0.175983,-0.605904,0.823348,-0.441875,-0.359378,0.769816,-0.239430,-0.604304,0.477898,-0.078345,-0.550650,0.363065,-0.042796,-0.464155,0.664371,-0.682250,-0.420540,0.635759,-0.507925,-0.568714,0.442925,-0.328150,-0.512066,0.360394,-0.259850,-0.439591
ONE_FINGER,0.000000,0.000000,0.000000,0.186075,0.266960,-0.151443,0.459209,0.473947,-0.274028,0.648726,0.357543,-0.389221,0.684207,0.093698,-0.499707,0.963715,0.180053,-0.278596,1.374995,0.191644,-0.472375,1.642854,0.196081,-0.591858,1.872261,0.177439,-0.677214,0.934794,-0.167349,-0.313296,0.955415,0.033947,-0.579016,0.608849,0.159247,-0.622671,0.434750,0.175435,-0.605067,0.822879,-0.443891,-0.359997,0.769361,-0.240472,-0.604272,0.476640,-0.079069,-0.549994,0.363687,-0.043949,-0.463739,0.663573,-0.683640,-0.421130,0.633635,-0.508159,-0.568884,0.440739,-0.328193,-0.511987,0.360317,-0.261156,-0.439844
ONE_FINGER,0.000000,0.000000,0.000000,0.184275,0.266708,-0.155366,0.456561,0.473388,-0.280197,0.645273,0.351516,-0.396794,0.681634,0.084564,-0.508368,0.963267,0.180974,-0.280689,1.376062,0.193953,-0.475653,1.644286,0.201072,-0.594772,1.874154,0.183951,-0.679424,0.934551,-0.167966,-0.313691,0.957701,0.034361,-0.579982,0.607145,0.158190,-0.621488,0.435554,0.172201,-0.601575,0.823587,-0.445734,-0.359423,0.769962,-0.242864,-0.605642,0.474487,-0.080687,-0.550042,0.365068,-0.045985,-0.462093,0.664412,-0.685373,-0.419674,0.634248,-0.510961,-0.567711,0.439617,-0.329301,-0.509164,0.361384,-0.263366,-0.435668
ONE_FINGER,0.000000,0.000000,0.000000,0.182793,0.268584,-0.160178,0.453427,0.475768,-0.287921,0.641603,0.347709,-0.406265,0.678957,0.077645,-0.518834,0.961651,0.185721,-0.284086,1.374488,0.200793,-0.481910,1.644278,0.209403,-0.601743,1.875039,0.193234,-0.686268,0.934480,-0.165818,-0.315041,0.956707,0.036447,-0.584291,0.603228,0.159689,-0.624657,0.432892,0.173854,-0.602544,0.824970,-0.444923,-0.359554,0.766135,-0.242450,-0.608699,0.469465,-0.080758,-0.551948,0.364220,-0.046808,-0.462070,0.666546,-0.684196,-0.418945,0.629981,-0.509570,-0.567759,0.434191,-0.328511,-0.508170,0.360102,-0.265517,-0.433389
ONE_FINGER,0.000000,0.000000,0.000000,0.179599,0.271107,-0.166983,0.446045,0.481650,-0.298643,0.633984,0.354584,-0.419336,0.676055,0.087269,-0.533280,0.958969,0.190579,-0.289970,1.370046,0.209704,-0.490778,1.641157,0.220173,-0.610737,1.871901,0.205245,-0.694298,0.934010,-0.162883,-0.317954,0.952485,0.043890,-0.589845,0.597505,0.165869,-0.628525,0.428553,0.179169,-0.603883,0.826587,-0.442413,-0.360443,0.760650,-0.234177,-0.613403,0.464251,-0.075023,-0.556109,0.363400,-0.044501,-0.464605,0.669960,-0.681054,-0.418265,0.625708,-0.501281,-0.569586,0.428700,-0.321231,-0.509941,0.357823,-0.262945,-0.434188
ONE_FINGER,0.000000,0.000000,0.000000,0.178567,0.271973,-0.169061,0.445521,0.485289,-0.301070,0.630729,0.356047,-0.421321,0.667798,0.085206,-0.534458,0.957853,0.194938,-0.290372,1.368642,0.215416,-0.492231,1.640421,0.226193,-0.612364,1.871819,0.210865,-0.695724,0.934477,-0.160953,-0.317563,0.952678,0.044568,-0.591269,0.594459,0.165744,-0.629702,0.424722,0.177696,-0.603694,0.828759,-0.443054,-0.359677,0.759075,-0.233810,-0.614645,0.460071,-0.075747,-0.557204,0.361003,-0.047922,-0.464482,0.672779,-0.683446,-0.417240,0.623602,-0.500600,-0.569072,0.424414,-0.321222,-0.508762,0.355887,-0.267343,-0.431968
THUMB,0.000000,0.000000,0.000000,0.347826,0.138670,-0.109541,0.645958,0.439058,-0.188607,0.898881,0.616823,-0.276259,1.099087,0.722408,-0.337594,0.455650,0.922582,-0.099361,0.508363,1.214226,-0.250615,0.477317,0.870197,-0.305261,0.454559,0.712292,-0.321144,0.244185,0.962949,-0.114466,0.296358,1.194688,-0.264538,0.290595,0.793721,-0.265868,0.274590,0.707097,-0.239043,0.023700,0.955021,-0.155337,0.050488,1.187538,-0.286766,0.076477,0.830805,-0.217826,0.075852,0.729854,-0.144575,-0.183740,0.912847,-0.209919,-0.196869,1.125743,-0.263691,-0.131334,0.923021,-0.202573,-0.098408,0.840332,-0.143886
THUMB,0.000000,0.000000,0.000000,0.346898,0.139711,-0.107727,0.648056,0.430478,-0.186230,0.898048,0.602411,-0.272480,1.086832,0.709714,-0.333094,0.455091,0.921808,-0.103101,0.504858,1.205707,-0.246876,0.474761,0.866254,-0.294206,0.452299,0.704203,-0.306303,0.241985,0.963007,-0.118579,0.292531,1.196349,-0.264013,0.285558,0.796144,-0.262285,0.268437,0.702465,-0.234031,0.020962,0.956140,-0.158342,0.045809,1.183473,-0.286083,0.068616,0.828107,-0.216174,0.066787,0.726459,-0.143542,-0.187178,0.911867,-0.211368,-0.200277,1.126711,-0.262465,-0.136812,0.916037,-0.198931,-0.105639,0.830492,-0.139748
THUMB,0.000000,0.000000,0.000000,0.336218,0.133065,-0.114642,0.637046,0.434655,-0.190957,0.886131,0.614572,-0.273088,1.070587,0.728704,-0.326912,0.450262,0.920733,-0.090124,0.501222,1.210699,-0.240482,0.468217,0.865401,-0.293550,0.447061,0.702930,-0.308405,0.238118,0.965787,-0.102740,0.290140,1.201430,-0.255432,0.278091,0.796595,-0.258448,0.263982,0.707743,-0.230567,0.020924,0.960138,-0.142571,0.045096,1.181220,-0.278374,0.063566,0.822375,-0.210436,0.066215,0.732430,-0.136539,-0.184131,0.916702,-0.196159,-0.193164,1.117386,-0.253819,-0.137359,0.902651,-0.193747,-0.106692,0.827393,-0.135456
THUMB,0.000000,0.000000,0.000000,0.334067,0.131348,-0.115972,0.634765,0.431432,-0.192848,0.883913,0.611000,-0.275241,1.068404,0.726383,-0.329077,0.447213,0.920707,-0.088922,0.501227,1.207616,-0.240380,0.466949,0.861655,-0.294499,0.444397,0.699476,-0.309918,0.234812,0.966784,-0.100958,0.290607,1.198769,-0.254858,0.276775,0.793693,-0.258682,0.261220,0.706200,-0.230919,0.017935,0.960832,-0.140568,0.045362,1.176658,-0.277484,0.062519,0.817312,-0.209643,0.064053,0.730255,-0.135493,-0.187338,0.916573,-0.194020,-0.193342,1.113204,-0.252074,-0.137978,0.896994,-0.191934,-0.108118,0.823353,-0.133413
THUMB,0.000000,0.000000,0.000000,0.322447,0.129063,-0.121161,0.619710,0.431944,-0.196936,0.866992,0.615516,-0.277536,1.046699,0.741085,-0.328091,0.432815,0.923775,-0.073934,0.490861,1.212286,-0.232286,0.457415,0.870951,-0.294410,0.434688,0.702814,-0.313230,0.222474,0.971362,-0.083432,0.282131,1.200372,-0.243125,0.267150,0.798207,-0.253082,0.250422,0.711207,-0.226574,0.009368,0.963340,-0.123258,0.036956,1.171949,-0.266884,0.054165,0.815848,-0.203545,0.057310,0.734288,-0.129376,-0.193884,0.915575,-0.177344,-0.200139,1.101860,-0.241513,-0.145937,0.889422,-0.186013,-0.114385,0.823265,-0.128531
THUMB,0.000000,0.000000,0.000000,0.316732,0.129428,-0.115657,0.606510,0.434280,-0.185969,0.845973,0.617449,-0.262760,1.022955,0.739092,-0.310654,0.421142,0.927507,-0.053417,0.485298,1.203688,-0.212277,0.453564,0.874192,-0.281962,0.426326,0.706325,-0.305716,0.214882,0.974460,-0.065215,0.279182,1.196089,-0.224768,0.267503,0.806624,-0.240424,0.244083,0.716992,-0.216649,0.006449,0.962951,-0.108201,0.036374,1.165079,-0.252813,0.058376,0.821016,-0.194452,0.055930,0.737489,-0.121633,-0.193301,0.911465,-0.165282,-0.199596,1.093935,-0.229793,-0.139684,0.890763,-0.176201,-0.109609,0.823699,-0.118925
THUMB,0.000000,0.000000,0.000000,0.308509,0.125871,-0.114666,0.591213,0.432467,-0.181730,0.822275,0.617166,-0.255310,0.995525,0.735962,-0.300435,0.407331,0.931100,-0.041649,0.470610,1.188237,-0.201339,0.438912,0.863589,-0.275898,0.410036,0.696886,-0.302825,0.203699,0.977560,-0.053697,0.266500,1.181512,-0.213316,0.256624,0.797921,-0.232392,0.231473,0.710563,-0.209936,-0.001243,0.961711,-0.097822,0.027947,1.145638,-0.243714,0.052154,0.809263,-0.188779,0.047424,0.731831,-0.116934,-0.197797,0.905807,-0.156041,-0.202044,1.072678,-0.221522,-0.140750,0.872262,-0.169515,-0.112580,0.810471,-0.112524
THUMB,0.000000,0.000000,0.000000,0.307424,0.105974,-0.117168,0.587737,0.409489,-0.183477,0.815979,0.597421,-0.254592,0.989673,0.713693,-0.297358,0.408644,0.923695,-0.040634,0.477451,1.140145,-0.198921,0.439495,0.813610,-0.273956,0.403456,0.664065,-0.303087,0.203392,0.977748,-0.051385,0.269999,1.145951,-0.209095,0.256807,0.762894,-0.226326,0.224065,0.692191,-0.202702,-0.003755,0.962067,-0.094528,0.034169,1.106043,-0.239189,0.056310,0.771342,-0.182678,0.040026,0.715975,-0.110559,-0.203655,0.905603,-0.152002,-0.191209,1.039951,-0.214967,-0.132555,0.835513,-0.161140,-0.119203,0.789053,-0.103594
THUMB,0.000000,0.000000,0.000000,0.308915,0.090279,-0.121810,0.593155,0.387093,-0.190048,0.823782,0.573238,-0.261538,1.000129,0.691943,-0.304509,0.417029,0.916920,-0.045289,0.490644,1.107823,-0.203481,0.446257,0.779364,-0.278203,0.403795,0.634983,-0.307646,0.209246,0.976398,-0.053498,0.280007,1.116331,-0.210920,0.261056,0.733094,-0.226735,0.222874,0.669298,-0.202018,-0.000472,0.960358,-0.094303,0.043579,1.074420,-0.236858,0.060779,0.742939,-0.179263,0.038171,0.701233,-0.107406,-0.204053,0.902773,-0.149920,-0.181409,1.013279,-0.209996,-0.127118,0.807899,-0.155407,-0.122376,0.773525,-0.098006
THUMB,0.000000,0.000000,0.000000,0.306893,0.061922,-0.129996,0.598447,0.348825,-0.199583,0.836493,0.535659,-0.268583,1.013894,0.663327,-0.307737,0.431219,0.900836,-0.050330,0.527880,1.059413,-0.208540,0.473786,0.736841,-0.283462,0.416044,0.604456,-0.313949,0.223408,0.973299,-0.052707,0.308761,1.071964,-0.208616,0.281698,0.691048,-0.222526,0.231965,0.645566,-0.196778,0.009888,0.962545,-0.088328,0.067033,1.032087,-0.228810,0.078330,0.705516,-0.169123,0.042381,0.689218,-0.096907,-0.200711,0.907323,-0.139523,-0.159043,0.978027,-0.198153,-0.110028,0.775946,-0.144174,-0.119593,0.763505,-0.087380
THUMB,0.000000,0.000000,0.000000,0.293372,0.039966,-0.131542,0.584707,0.321912,-0.196521,0.818359,0.507917,-0.258748,0.992273,0.634235,-0.290738,0.443569,0.887328,-0.042199,0.554314,1.030448,-0.200719,0.493125,0.716936,-0.278714,0.427399,0.585823,-0.310665,0.239273,0.970074,-0.041289,0.334795,1.045882,-0.197230,0.298563,0.667977,-0.213501,0.244006,0.624595,-0.187663,0.026346,0.964185,-0.074328,0.088970,1.007261,-0.215589,0.093295,0.686370,-0.157604,0.052431,0.678276,-0.084683,-0.185849,0.912285,-0.122935,-0.135829,0.964336,-0.183705,-0.092174,0.763774,-0.131431,-0.105771,0.756595,-0.073904
THUMB,0.000000,0.000000,0.000000,0.291785,0.040184,-0.130317,0.581845,0.317051,-0.194279,0.814632,0.502714,-0.255196,0.987141,0.625563,-0.285699,0.444782,0.881286,-0.041366,0.558887,1.014188,-0.197824,0.491035,0.705387,-0.274237,0.424060,0.584180,-0.306066,0.243551,0.969066,-0.039923,0.340230,1.028529,-0.193597,0.298870,0.653685,-0.208726,0.246097,0.622534,-0.183239,0.032067,0.965038,-0.072090,0.095758,0.992634,-0.212915,0.096141,0.673436,-0.154861,0.055169,0.674712,-0.082571,-0.178273,0.914113,-0.119670,-0.127814,0.949582,-0.181508,-0.086726,0.748578,-0.130627,-0.101106,0.747280,-0.074337
THUMB,0.000000,0.000000,0.000000,0.302067,0.040744,-0.130551,0.596997,0.307660,-0.197629,0.834332,0.492383,-0.261339,1.010429,0.610798,-0.294369,0.461962,0.870164,-0.054199,0.569608,0.989370,-0.206117,0.492075,0.678524,-0.275096,0.427042,0.573877,-0.303990,0.259581,0.964306,-0.052266,0.352679,0.996079,-0.200645,0.303221,0.627099,-0.209244,0.256477,0.614506,-0.182965,0.046788,0.961004,-0.082676,0.109448,0.964740,-0.220419,0.102899,0.649004,-0.160318,0.066303,0.663596,-0.090071,-0.161489,0.912238,-0.128392,-0.111190,0.926693,-0.189250,-0.077577,0.724004,-0.139161,-0.094279,0.732245,-0.085697
THUMB,0.000000,0.000000,0.000000,0.315757,0.052315,-0.129269,0.617822,0.315235,-0.199739,0.862995,0.497498,-0.268178,1.044682,0.614537,-0.305596,0.467542,0.869148,-0.060016,0.574919,0.982071,-0.210714,0.488396,0.668437,-0.276085,0.420001,0.575810,-0.303934,0.264734,0.962460,-0.059885,0.357395,0.982896,-0.207244,0.303890,0.619463,-0.211942,0.259190,0.621532,-0.185668,0.053042,0.957757,-0.091634,0.117251,0.957589,-0.228484,0.106796,0.647523,-0.166329,0.071203,0.672494,-0.097092,-0.152067,0.909890,-0.138811,-0.103082,0.916695,-0.197322,-0.072376,0.717325,-0.146897,-0.090586,0.734074,-0.095544
THUMB,0.000000,0.000000,0.000000,0.313448,0.048872,-0.130340,0.614135,0.312657,-0.202400,0.858755,0.495483,-0.272972,1.041393,0.616886,-0.312895,0.467298,0.872414,-0.060660,0.574134,0.997258,-0.215632,0.492661,0.680108,-0.283653,0.425127,0.575839,-0.311606,0.260963,0.963401,-0.061302,0.352840,1.001304,-0.212367,0.304776,0.630239,-0.218720,0.259391,0.619049,-0.191968,0.046039,0.959997,-0.094330,0.109316,0.980141,-0.235151,0.103926,0.662299,-0.172798,0.068928,0.674264,-0.101507,-0.163473,0.914064,-0.142620,-0.114535,0.940434,-0.203751,-0.079697,0.739417,-0.151934,-0.095232,0.748117,-0.098187
THUMB,0.000000,0.000000,0.000000,0.312623,0.055958,-0.126756,0.612437,0.320971,-0.198777,0.857800,0.502806,-0.271076,1.040514,0.625485,-0.313068,0.462383,0.879258,-0.053750,0.574916,1.013683,-0.212331,0.496444,0.695276,-0.284007,0.426247,0.579794,-0.312406,0.256776,0.964828,-0.056336,0.355227,1.019685,-0.209611,0.307684,0.644151,-0.217281,0.256821,0.621848,-0.189499,0.043027,0.961340,-0.091716,0.112795,0.998399,-0.232560,0.107011,0.677250,-0.169071,0.065920,0.678134,-0.095275,-0.167980,0.916105,-0.142290,-0.116372,0.963298,-0.201241,-0.078050,0.761574,-0.146461,-0.093056,0.758509,-0.089513
THUMB,0.000000,0.000000,0.000000,0.309450,0.059040,-0.124282,0.598869,0.322608,-0.195359,0.836928,0.502507,-0.266134,1.015118,0.628833,-0.308148,0.449198,0.886990,-0.050991,0.558921,0.993219,-0.204776,0.489750,0.679269,-0.279249,0.423557,0.565530,-0.311214,0.243960,0.968287,-0.053892,0.342519,0.996208,-0.200815,0.302637,0.628476,-0.212556,0.252229,0.601165,-0.189695,0.032553,0.956381,-0.088235,0.103756,0.970907,-0.223308,0.103069,0.654634,-0.163554,0.063550,0.649826,-0.094246,-0.175526,0.900539,-0.137605,-0.122249,0.930399,-0.194991,-0.080555,0.729590,-0.141770,-0.093098,0.724151,-0.086406
THUMB,0.000000,0.000000,0.000000,0.299174,0.057979,-0.130360,0.581806,0.323852,-0.197891,0.808215,0.502021,-0.260145,0.983683,0.625770,-0.293908,0.420827,0.898340,-0.056420,0.520078,0.899084,-0.200725,0.453520,0.609139,-0.275761,0.392915,0.542017,-0.313119,0.216490,0.974747,-0.054771,0.305939,0.891170,-0.190344,0.272543,0.565685,-0.206470,0.233297,0.572892,-0.192210,0.008047,0.948223,-0.083109,0.080301,0.855450,-0.208331,0.081242,0.577615,-0.156586,0.049580,0.601985,-0.097975,-0.190179,0.876773,-0.127472,-0.133413,0.815140,-0.185243,-0.094268,0.632195,-0.142263,-0.104325,0.648816,-0.095964
FIST,0.000000,0.000000,0.000000,0.357137,-0.040777,-0.082742,0.661220,-0.366687,-0.097888,0.687708,-0.826674,-0.110444,0.633778,-1.093892,-0.092129,0.648302,-0.813660,-0.026905,0.744675,-1.122487,-0.178481,0.637110,-0.779964,-0.228590,0.570437,-0.591142,-0.234675,0.429636,-0.901593,-0.050423,0.536258,-1.182532,-0.206382,0.425978,-0.731913,-0.216493,0.389396,-0.599950,-0.184548,0.208042,-0.935561,-0.099952,0.284023,-1.143850,-0.284120,0.197599,-0.711902,-0.231753,0.186250,-0.620546,-0.147912,-0.031263,-0.939871,-0.153122,0.047495,-1.095981,-0.258018,0.026392,-0.809060,-0.201589,0.015942,-0.735058,-0.133401
FIST,0.000000,0.000000,0.000000,0.360263,-0.035548,-0.083321,0.664979,-0.360086,-0.101696,0.684136,-0.825367,-0.117317,0.615600,-1.094688,-0.102032,0.660033,-0.804800,-0.033923,0.747769,-1.136709,-0.187222,0.634604,-0.795243,-0.235899,0.572999,-0.600137,-0.241114,0.437911,-0.897122,-0.058362,0.539631,-1.190418,-0.216143,0.422821,-0.739695,-0.223190,0.393521,-0.602091,-0.188828,0.212614,-0.936492,-0.108847,0.282609,-1.153362,-0.292295,0.193096,-0.723647,-0.237083,0.191777,-0.626952,-0.151576,-0.029593,-0.943381,-0.163289,0.042973,-1.108820,-0.265736,0.017172,-0.827090,-0.207527,0.010980,-0.753149,-0.138728
FIST,0.000000,0.000000,0.000000,0.360305,-0.032180,-0.084895,0.668250,-0.358993,-0.102757,0.691156,-0.827491,-0.117738,0.626201,-1.097930,-0.100581,0.666056,-0.800404,-0.030323,0.749798,-1.140941,-0.186904,0.632257,-0.796708,-0.236640,0.574964,-0.600297,-0.242144,0.442362,-0.895217,-0.053873,0.539240,-1.190903,-0.212777,0.416954,-0.734922,-0.216737,0.394661,-0.602449,-0.179573,0.216246,-0.937646,-0.104822,0.279884,-1.157393,-0.289851,0.187456,-0.725286,-0.231276,0.194057,-0.633857,-0.143224,-0.025990,-0.947674,-0.160099,0.039579,-1.114657,-0.262856,0.010292,-0.830893,-0.202835,0.007797,-0.760703,-0.132455
FIST,0.000000,0.000000,0.000000,0.362694,-0.035950,-0.084546,0.667500,-0.366444,-0.103289,0.687060,-0.834823,-0.119550,0.618818,-1.103441,-0.103661,0.666658,-0.803421,-0.030511,0.745350,-1.149012,-0.189633,0.625971,-0.802116,-0.242412,0.572552,-0.601154,-0.250027,0.442044,-0.895308,-0.054955,0.533974,-1.193773,-0.215529,0.412009,-0.738088,-0.219931,0.393626,-0.601039,-0.183133,0.215120,-0.935130,-0.107069,0.273996,-1.158670,-0.292117,0.182560,-0.727686,-0.233150,0.192755,-0.630708,-0.144867,-0.026475,-0.943093,-0.163811,0.032822,-1.114306,-0.265697,0.005317,-0.831256,-0.205608,0.007158,-0.754941,-0.135214
FIST,0.000000,0.000000,0.000000,0.364975,-0.034369,-0.085453,0.668592,-0.364335,-0.105831,0.685637,-0.833807,-0.123393,0.609927,-1.101489,-0.108323,0.671274,-0.802205,-0.034954,0.745075,-1.153621,-0.194136,0.621914,-0.806093,-0.245153,0.570543,-0.602901,-0.251875,0.445816,-0.893142,-0.059542,0.532719,-1.195108,-0.219949,0.408442,-0.740651,-0.221911,0.395499,-0.601524,-0.183947,0.217500,-0.932892,-0.111876,0.270394,-1.158838,-0.295378,0.178463,-0.731133,-0.234885,0.194861,-0.632188,-0.146403,-0.024869,-0.940448,-0.169200,0.028903,-1.115438,-0.269510,0.000561,-0.835678,-0.209492,0.006490,-0.758177,-0.139852
FIST,0.000000,0.000000,0.000000,0.355633,-0.026783,-0.090631,0.657118,-0.340329,-0.113227,0.680119,-0.794387,-0.132180,0.604410,-1.058093,-0.119194,0.670201,-0.798932,-0.037077,0.748245,-1.138758,-0.197995,0.627387,-0.798290,-0.252899,0.571594,-0.596810,-0.261286,0.447269,-0.892510,-0.058111,0.536030,-1.185130,-0.219671,0.411820,-0.738817,-0.224578,0.394010,-0.601028,-0.187707,0.220143,-0.932981,-0.107170,0.271252,-1.148664,-0.290121,0.179484,-0.729159,-0.232506,0.191399,-0.631599,-0.145311,-0.020320,-0.941369,-0.161826,0.031709,-1.108429,-0.261395,0.005362,-0.830610,-0.203120,0.012042,-0.750745,-0.134129
FIST,0.000000,0.000000,0.000000,0.352210,-0.021974,-0.093278,0.653841,-0.328497,-0.115779,0.678713,-0.778282,-0.134055,0.600547,-1.043034,-0.120792,0.670808,-0.795480,-0.035570,0.751732,-1.127819,-0.195872,0.632425,-0.791649,-0.251258,0.573505,-0.592970,-0.259714,0.448925,-0.891897,-0.054640,0.540008,-1.178908,-0.215088,0.414519,-0.733929,-0.220459,0.393575,-0.599050,-0.183458,0.221538,-0.934220,-0.102079,0.273765,-1.144786,-0.284822,0.180603,-0.726303,-0.227945,0.189835,-0.632310,-0.140808,-0.020155,-0.943743,-0.155235,0.034261,-1.106513,-0.255114,0.007092,-0.828280,-0.196927,0.012323,-0.750932,-0.127660
FIST,0.000000,0.000000,0.000000,0.345237,-0.014916,-0.093775,0.647950,-0.307220,-0.117904,0.682447,-0.742778,-0.138615,0.615632,-1.006440,-0.128707,0.671861,-0.787569,-0.033783,0.763513,-1.109143,-0.195553,0.644950,-0.779839,-0.254517,0.579695,-0.587601,-0.265102,0.452755,-0.890146,-0.051518,0.553026,-1.162917,-0.214189,0.422595,-0.724468,-0.223020,0.393761,-0.598296,-0.187429,0.227593,-0.935627,-0.097350,0.280877,-1.130423,-0.280932,0.186086,-0.718589,-0.226335,0.189625,-0.631256,-0.140145,-0.010610,-0.948789,-0.148910,0.043666,-1.093501,-0.249429,0.015497,-0.817529,-0.192335,0.019338,-0.745742,-0.123239
FIST,0.000000,0.000000,0.000000,0.346078,-0.019052,-0.091310,0.645490,-0.312786,-0.115776,0.675029,-0.743971,-0.137626,0.604793,-1.005327,-0.129571,0.667707,-0.790607,-0.032402,0.762211,-1.105209,-0.192582,0.643391,-0.777035,-0.251778,0.576434,-0.588207,-0.263431,0.449768,-0.891650,-0.051659,0.552773,-1.158781,-0.213625,0.421343,-0.723216,-0.223774,0.389874,-0.598951,-0.189598,0.225272,-0.935290,-0.098445,0.278856,-1.125152,-0.280908,0.184460,-0.715486,-0.227414,0.186277,-0.628911,-0.142523,-0.011863,-0.946966,-0.150723,0.042244,-1.086024,-0.251014,0.014631,-0.811614,-0.194399,0.018258,-0.741132,-0.126064
FIST,0.000000,0.000000,0.000000,0.342170,-0.020059,-0.088037,0.639584,-0.314483,-0.112925,0.662992,-0.742381,-0.135693,0.590645,-0.998316,-0.128884,0.661082,-0.794621,-0.035600,0.759754,-1.105875,-0.196319,0.637943,-0.773827,-0.255696,0.567369,-0.585673,-0.267430,0.443779,-0.894332,-0.056841,0.550938,-1.158557,-0.219296,0.419041,-0.724864,-0.229997,0.384371,-0.599931,-0.196605,0.220388,-0.936026,-0.104826,0.275022,-1.121590,-0.286486,0.181595,-0.713328,-0.233489,0.182371,-0.624115,-0.149540,-0.014545,-0.945545,-0.157997,0.037964,-1.081806,-0.257600,0.011155,-0.807876,-0.201028,0.015380,-0.734885,-0.133217
FIST,0.000000,0.000000,0.000000,0.338510,-0.018686,-0.088947,0.634519,-0.308432,-0.114193,0.656601,-0.733339,-0.137097,0.582728,-0.987877,-0.130627,0.659121,-0.794378,-0.034684,0.757417,-1.103388,-0.195055,0.636443,-0.773511,-0.254991,0.565747,-0.585624,-0.267003,0.442556,-0.895033,-0.055312,0.550028,-1.159188,-0.216988,0.418812,-0.727178,-0.228190,0.383818,-0.601199,-0.195067,0.219568,-0.936921,-0.102813,0.273665,-1.121883,-0.283681,0.180511,-0.714928,-0.231193,0.181005,-0.624860,-0.147578,-0.015444,-0.946317,-0.155580,0.036793,-1.083760,-0.254294,0.010064,-0.810584,-0.197516,0.014407,-0.736640,-0.129590
FIST,0.000000,0.000000,0.000000,0.338975,-0.020672,-0.090510,0.634578,-0.310038,-0.115162,0.661923,-0.732348,-0.137552,0.589852,-0.989126,-0.130957,0.660618,-0.792544,-0.031176,0.756150,-1.102025,-0.192314,0.640173,-0.777600,-0.254222,0.571742,-0.585459,-0.267162,0.444657,-0.894252,-0.050920,0.549184,-1.161348,-0.214297,0.420269,-0.731941,-0.227099,0.385376,-0.600362,-0.193769,0.220862,-0.937356,-0.098081,0.272925,-1.124870,-0.280131,0.180679,-0.719863,-0.228715,0.181553,-0.626546,-0.144716,-0.015543,-0.947225,-0.150815,0.034749,-1.086124,-0.250123,0.008720,-0.814964,-0.194211,0.014190,-0.739787,-0.126193
FIST,0.000000,0.000000,0.000000,0.339245,-0.020621,-0.091019,0.635555,-0.310768,-0.115635,0.663576,-0.735230,-0.138016,0.594325,-0.994202,-0.131156,0.662939,-0.790257,-0.030718,0.757665,-1.103301,-0.192736,0.641982,-0.780652,-0.254972,0.575170,-0.588102,-0.267970,0.446038,-0.893602,-0.050252,0.549677,-1.163236,-0.214427,0.420438,-0.733332,-0.226884,0.387281,-0.602092,-0.193007,0.221791,-0.938064,-0.097476,0.272956,-1.127562,-0.280278,0.180729,-0.722015,-0.228092,0.183108,-0.629158,-0.143343,-0.014806,-0.948936,-0.150383,0.035313,-1.088783,-0.249590,0.008734,-0.817804,-0.193151,0.014578,-0.743549,-0.124699
FIST,0.000000,0.000000,0.000000,0.340956,-0.020588,-0.090951,0.635223,-0.309062,-0.115492,0.661114,-0.732357,-0.137852,0.587683,-0.988691,-0.131265,0.665682,-0.789480,-0.031020,0.760503,-1.105334,-0.190918,0.645378,-0.785490,-0.252344,0.579529,-0.593005,-0.265476,0.448330,-0.892448,-0.050360,0.552818,-1.166314,-0.213338,0.422891,-0.737781,-0.225506,0.389454,-0.604233,-0.191467,0.223053,-0.936788,-0.097171,0.273926,-1.127416,-0.278157,0.182354,-0.723853,-0.226712,0.185084,-0.629473,-0.142631,-0.014067,-0.948214,-0.149749,0.035438,-1.088573,-0.247341,0.010541,-0.820807,-0.191388,0.017550,-0.746653,-0.123616
FIST,0.000000,0.000000,0.000000,0.340671,-0.020402,-0.089869,0.634808,-0.305890,-0.115086,0.655331,-0.731512,-0.138061,0.576120,-0.985867,-0.131996,0.668021,-0.788847,-0.032533,0.764640,-1.104722,-0.191333,0.644799,-0.783497,-0.251512,0.576655,-0.593926,-0.264225,0.450250,-0.891339,-0.052809,0.557774,-1.165309,-0.214236,0.424672,-0.736958,-0.225399,0.390438,-0.605828,-0.191357,0.225333,-0.935053,-0.100178,0.278069,-1.125514,-0.279320,0.184774,-0.722459,-0.227124,0.187377,-0.630047,-0.143339,-0.011277,-0.946589,-0.153215,0.040233,-1.086622,-0.248698,0.014235,-0.818910,-0.191387,0.020721,-0.745849,-0.123411
FIST,0.000000,0.000000,0.000000,0.343708,-0.019369,-0.085501,0.638967,-0.302259,-0.109975,0.656411,-0.729537,-0.132918,0.572877,-0.981056,-0.127274,0.674034,-0.786204,-0.032331,0.772725,-1.102139,-0.188302,0.650034,-0.778946,-0.246912,0.581599,-0.591136,-0.259773,0.455062,-0.888752,-0.055113,0.566009,-1.164253,-0.213159,0.431171,-0.736399,-0.223374,0.396614,-0.606402,-0.190401,0.229481,-0.931815,-0.104162,0.286477,-1.124597,-0.280119,0.192015,-0.721811,-0.227423,0.193982,-0.628542,-0.144867,-0.007966,-0.943242,-0.158532,0.047147,-1.085596,-0.251999,0.020832,-0.818625,-0.193880,0.026831,-0.744497,-0.126410
FIST,0.000000,0.000000,0.000000,0.354202,-0.019962,-0.075136,0.653570,-0.307234,-0.095814,0.673943,-0.732025,-0.117027,0.590336,-0.985430,-0.111353,0.691144,-0.779591,-0.032110,0.798243,-1.096389,-0.181712,0.669983,-0.777541,-0.236258,0.596346,-0.590965,-0.248289,0.469425,-0.880869,-0.060908,0.589467,-1.157256,-0.212454,0.450163,-0.734210,-0.221877,0.413676,-0.602573,-0.191881,0.238373,-0.924211,-0.114172,0.305260,-1.117503,-0.284365,0.206861,-0.719347,-0.233708,0.207249,-0.628556,-0.155659,-0.004847,-0.935203,-0.171720,0.062770,-1.082590,-0.262640,0.033332,-0.820637,-0.204570,0.033115,-0.749884,-0.139421
FIST,0.000000,0.000000,0.000000,0.358959,-0.014686,-0.068359,0.664776,-0.306508,-0.085175,0.700338,-0.730035,-0.104336,0.633527,-0.986929,-0.097096,0.709114,-0.771091,-0.029831,0.824182,-1.083963,-0.181290,0.687116,-0.767430,-0.238025,0.608602,-0.584171,-0.251791,0.485589,-0.871962,-0.062342,0.608541,-1.144752,-0.214312,0.465481,-0.726457,-0.225039,0.430844,-0.595885,-0.197854,0.250558,-0.915054,-0.119167,0.319735,-1.105075,-0.289983,0.218091,-0.714093,-0.242707,0.219600,-0.627740,-0.168416,0.004620,-0.925898,-0.179670,0.076058,-1.070775,-0.273492,0.042947,-0.814464,-0.219661,0.039874,-0.748371,-0.158171
OPEN_PALM_UP,0.000000,0.000000,0.000000,0.162088,0.444675,-0.161060,0.471192,0.780357,-0.220474,0.696297,1.044228,-0.273979,0.855876,1.284654,-0.334820,0.940965,0.431912,-0.164650,1.321773,0.540022,-0.278350,1.558372,0.588403,-0.372328,1.768691,0.616457,-0.452014,0.969662,0.155881,-0.188297,1.402740,0.151067,-0.299542,1.677432,0.144706,-0.406744,1.914732,0.119089,-0.494673,0.888388,-0.113666,-0.232187,1.288174,-0.183019,-0.361203,1.549453,-0.200928,-0.472635,1.783411,-0.217729,-0.556438,0.727578,-0.360291,-0.290731,0.994441,-0.551280,-0.432526,1.181847,-0.668308,-0.519365,1.363403,-0.767151,-0.580313
OPEN_PALM_UP,0.000000,0.000000,0.000000,0.163260,0.447747,-0.160132,0.474158,0.783773,-0.219130,0.701678,1.047278,-0.272144,0.861271,1.290764,-0.332778,0.939491,0.440130,-0.164501,1.319364,0.549716,-0.277153,1.557815,0.600208,-0.370740,1.770811,0.631234,-0.450829,0.968153,0.164252,-0.188948,1.400076,0.161324,-0.299149,1.673727,0.156544,-0.406089,1.912054,0.134992,-0.494393,0.886976,-0.106562,-0.233439,1.286170,-0.170520,-0.362533,1.548483,-0.189089,-0.474158,1.784621,-0.206064,-0.558263,0.725336,-0.354363,-0.292370,0.994227,-0.541376,-0.434963,1.182748,-0.656552,-0.522109,1.365433,-0.753558,-0.583291
OPEN_PALM_UP,0.000000,0.000000,0.000000,0.163644,0.450205,-0.158643,0.475202,0.787866,-0.216888,0.702343,1.052648,-0.269575,0.862290,1.296621,-0.330175,0.938911,0.448713,-0.162227,1.318193,0.559246,-0.275526,1.556319,0.610594,-0.369842,1.769557,0.643110,-0.450389,0.966775,0.173888,-0.187374,1.398518,0.172446,-0.298489,1.671119,0.169482,-0.406133,1.909378,0.151291,-0.494790,0.885879,-0.097884,-0.232629,1.286607,-0.157088,-0.363491,1.549805,-0.173933,-0.475711,1.787352,-0.188424,-0.559750,0.724627,-0.347067,-0.292017,0.994927,-0.530364,-0.435819,1.184035,-0.643814,-0.523063,1.367587,-0.738884,-0.584059
OPEN_PALM_UP,0.000000,0.000000,0.000000,0.161421,0.456074,-0.157630,0.472828,0.798320,-0.214031,0.700588,1.063931,-0.264824,0.861573,1.306649,-0.323968,0.934619,0.462847,-0.160051,1.313283,0.573425,-0.270700,1.552662,0.627606,-0.363247,1.766597,0.662880,-0.442956,0.964302,0.189286,-0.185181,1.396888,0.190400,-0.293757,1.670268,0.190019,-0.401483,1.907956,0.174321,-0.490754,0.885870,-0.083236,-0.230299,1.287252,-0.140026,-0.361182,1.552508,-0.156709,-0.475965,1.789215,-0.172545,-0.561839,0.726674,-0.334204,-0.289162,1.000448,-0.518917,-0.433972,1.191535,-0.633905,-0.523135,1.374559,-0.730351,-0.585613
OPEN_PALM_UP,0.000000,0.000000,0.000000,0.160204,0.457458,-0.156805,0.471441,0.800794,-0.212347,0.698634,1.066461,-0.262469,0.860272,1.307406,-0.320982,0.933716,0.466986,-0.158075,1.311694,0.576481,-0.267683,1.550137,0.630719,-0.359574,1.763188,0.666284,-0.438848,0.963748,0.193992,-0.183186,1.396983,0.195216,-0.290539,1.670195,0.196084,-0.398010,1.907091,0.181698,-0.487268,0.886075,-0.078143,-0.228308,1.288306,-0.134326,-0.358987,1.553625,-0.150232,-0.474384,1.789683,-0.165230,-0.560683,0.727644,-0.329051,-0.287014,1.002201,-0.513696,-0.431890,1.193502,-0.628837,-0.521534,1.376315,-0.724970,-0.584419
OPEN_PALM_UP,0.000000,0.000000,0.000000,0.155067,0.458155,-0.160702,0.462195,0.805345,-0.217182,0.688783,1.072610,-0.267243,0.852280,1.310995,-0.325377,0.928300,0.473386,-0.162566,1.307278,0.585070,-0.272504,1.546269,0.640973,-0.364155,1.760261,0.678039,-0.443080,0.961948,0.200924,-0.185163,1.396640,0.203466,-0.292255,1.671434,0.206513,-0.399209,1.909650,0.193390,-0.488049,0.887552,-0.070234,-0.227880,1.290322,-0.126844,-0.358230,1.556787,-0.141330,-0.473458,1.793391,-0.155677,-0.559637,0.731859,-0.320125,-0.284558,1.007713,-0.506588,-0.429103,1.199592,-0.622510,-0.518595,1.382024,-0.719384,-0.581270
OPEN_PALM_UP,0.000000,0.000000,0.000000,0.152621,0.459354,-0.159754,0.457980,0.806729,-0.216733,0.682674,1.076613,-0.267614,0.848522,1.315804,-0.326901,0.927237,0.480291,-0.161771,1.304690,0.592959,-0.271287,1.543869,0.648232,-0.363061,1.756508,0.684166,-0.442373,0.960363,0.207658,-0.185961,1.393177,0.210369,-0.293678,1.668458,0.215266,-0.402164,1.905619,0.203619,-0.492585,0.884969,-0.064882,-0.230331,1.286969,-0.119974,-0.362410,1.554768,-0.134282,-0.480551,1.792089,-0.149372,-0.569328,0.728157,-0.316170,-0.288344,1.002795,-0.503989,-0.436110,1.194829,-0.621441,-0.528759,1.377819,-0.719074,-0.593955
OPEN_PALM_UP,0.000000,0.000000,0.000000,0.151213,0.461609,-0.155878,0.457513,0.810301,-0.210150,0.681762,1.080546,-0.258741,0.846574,1.319127,-0.316531,0.926188,0.485734,-0.156708,1.301639,0.597833,-0.262487,1.542496,0.653630,-0.351970,1.753808,0.688206,-0.430236,0.959803,0.212783,-0.183033,1.392201,0.215906,-0.288302,1.667941,0.221173,-0.397637,1.901984,0.207352,-0.489117,0.884340,-0.061781,-0.229260,1.285634,-0.117219,-0.361376,1.555470,-0.132402,-0.484196,1.791068,-0.152275,-0.576776,0.727450,-0.316029,-0.288327,1.001412,-0.509239,-0.438356,1.194229,-0.630651,-0.534991,1.376491,-0.732557,-0.603404
OPEN_PALM_UP,0.000000,0.000000,0.000000,0.150739,0.463115,-0.154035,0.457703,0.812331,-0.207388,0.682509,1.083005,-0.255393,0.848246,1.322091,-0.313048,0.926530,0.489042,-0.154614,1.301960,0.599928,-0.258580,1.543824,0.655543,-0.347008,1.754420,0.688989,-0.424904,0.959215,0.216034,-0.182305,1.390641,0.219499,-0.286483,1.667191,0.224628,-0.396494,1.899625,0.209394,-0.489004,0.882873,-0.059854,-0.229778,1.283986,-0.113659,-0.362319,1.554660,-0.130025,-0.487493,1.788752,-0.152913,-0.582084,0.725186,-0.316142,-0.289691,0.999567,-0.511728,-0.441662,1.193582,-0.635239,-0.540825,1.375748,-0.739108,-0.611232
OPEN_PALM_UP,0.000000,0.000000,0.000000,0.150052,0.464033,-0.153772,0.457256,0.813163,-0.206109,0.683747,1.081987,-0.252738,0.847362,1.320445,-0.309100,0.926107,0.489538,-0.154450,1.302918,0.598072,-0.255914,1.544226,0.655261,-0.342777,1.754847,0.689739,-0.419847,0.959212,0.216766,-0.181452,1.389381,0.220422,-0.283086,1.665359,0.225057,-0.391730,1.896770,0.207627,-0.483656,0.883791,-0.059046,-0.228043,1.284414,-0.110722,-0.358956,1.554684,-0.129221,-0.484080,1.787239,-0.156104,-0.578865,0.727738,-0.317128,-0.286949,1.004238,-0.512041,-0.438130,1.198900,-0.636753,-0.537431,1.380806,-0.742055,-0.608076
OPEN_PALM_UP,0.000000,0.000000,0.000000,0.149916,0.464456,-0.156525,0.456063,0.812255,-0.210895,0.682032,1.081544,-0.259130,0.845676,1.322518,-0.316968,0.925948,0.489217,-0.157433,1.302469,0.597922,-0.259602,1.543088,0.656087,-0.347299,1.753876,0.691617,-0.425147,0.958796,0.216647,-0.183778,1.387878,0.221308,-0.286430,1.663700,0.226465,-0.395984,1.895170,0.208776,-0.488890,0.883393,-0.059145,-0.229950,1.282968,-0.109703,-0.362322,1.552711,-0.129574,-0.488423,1.784903,-0.158261,-0.583948,0.728247,-0.317915,-0.288637,1.005279,-0.511066,-0.441418,1.199546,-0.636237,-0.541774,1.381507,-0.742319,-0.613272
OPEN_PALM_UP,0.000000,0.000000,0.000000,0.152129,0.467313,-0.156213,0.457335,0.813076,-0.211236,0.682816,1.080355,-0.260298,0.847148,1.320494,-0.319200,0.926350,0.489033,-0.158902,1.303764,0.594896,-0.261829,1.544128,0.652688,-0.350098,1.755177,0.688241,-0.428420,0.958508,0.215908,-0.186137,1.387430,0.218346,-0.290374,1.663815,0.222209,-0.400964,1.895610,0.203382,-0.494730,0.882479,-0.060932,-0.233114,1.282231,-0.112130,-0.367258,1.552404,-0.134204,-0.494241,1.784654,-0.164446,-0.590326,0.727155,-0.320958,-0.292459,1.006101,-0.517064,-0.447294,1.200888,-0.643877,-0.548766,1.383303,-0.750475,-0.620978
OPEN_PALM_UP,0.000000,0.000000,0.000000,0.153356,0.467095,-0.153717,0.459034,0.813712,-0.207376,0.683399,1.081620,-0.255712,0.847726,1.320389,-0.313977,0.927524,0.489542,-0.156359,1.305220,0.596625,-0.259949,1.546175,0.654077,-0.348655,1.757422,0.688444,-0.426955,0.958649,0.216419,-0.184809,1.387991,0.219052,-0.289603,1.665024,0.221728,-0.400331,1.897990,0.202356,-0.493822,0.881774,-0.060928,-0.232822,1.281547,-0.111608,-0.366585,1.551765,-0.133444,-0.492575,1.785127,-0.162519,-0.587726,0.725793,-0.321260,-0.293108,1.003157,-0.515976,-0.446727,1.197197,-0.640673,-0.546714,1.379088,-0.745676,-0.617686
OPEN_PALM_UP,0.000000,0.000000,0.000000,0.155153,0.464945,-0.150516,0.461933,0.810440,-0.202792,0.686005,1.077293,-0.250330,0.848925,1.313450,-0.307799,0.927672,0.486865,-0.154975,1.305276,0.593996,-0.259862,1.545806,0.651329,-0.348901,1.756799,0.685703,-0.426936,0.959149,0.214620,-0.184314,1.389440,0.217343,-0.289786,1.665266,0.219702,-0.399434,1.898500,0.201333,-0.491455,0.882425,-0.061711,-0.232835,1.282296,-0.113232,-0.365666,1.551885,-0.133921,-0.488922,1.785875,-0.160770,-0.581724,0.725758,-0.321200,-0.293481,1.002657,-0.514078,-0.444609,1.195781,-0.636100,-0.541593,1.376879,-0.739430,-0.610117
OPEN_PALM_UP,0.000000,0.000000,0.000000,0.157272,0.464306,-0.149059,0.466356,0.807515,-0.199889,0.690413,1.072038,-0.246399,0.852889,1.305576,-0.302315,0.929807,0.481208,-0.150309,1.306893,0.589461,-0.255227,1.545946,0.647086,-0.344211,1.755783,0.681855,-0.421673,0.960977,0.210826,-0.179096,1.390526,0.215082,-0.283370,1.665153,0.218904,-0.391248,1.898804,0.202297,-0.481318,0.884118,-0.062239,-0.227362,1.283006,-0.115089,-0.358146,1.550602,-0.133655,-0.479137,1.784797,-0.157217,-0.569856,0.726955,-0.318017,-0.287929,1.000832,-0.505857,-0.435460,1.192069,-0.624348,-0.529807,1.372272,-0.725343,-0.596411
OPEN_PALM_UP,0.000000,0.000000,0.000000,0.158286,0.466051,-0.154105,0.468568,0.808441,-0.206789,0.696192,1.070237,-0.254140,0.862444,1.304117,-0.310446,0.930761,0.473761,-0.152139,1.307243,0.579813,-0.258968,1.547317,0.637109,-0.349054,1.758072,0.672352,-0.427085,0.962878,0.202297,-0.178722,1.395535,0.203587,-0.285035,1.670704,0.207192,-0.393864,1.904126,0.190209,-0.483689,0.885796,-0.070154,-0.225515,1.285597,-0.128883,-0.358423,1.554560,-0.145416,-0.480693,1.790016,-0.166210,-0.571586,0.727599,-0.322634,-0.284984,0.999999,-0.514852,-0.434186,1.191540,-0.634815,-0.529625,1.372552,-0.736296,-0.596610
OPEN_PALM_UP,0.000000,0.000000,0.000000,0.157521,0.466668,-0.154280,0.467847,0.810961,-0.206363,0.696419,1.072247,-0.252937,0.864382,1.304992,-0.308379,0.931017,0.475131,-0.150283,1.306816,0.580355,-0.255570,1.547013,0.637525,-0.344683,1.757314,0.672990,-0.422229,0.963127,0.203042,-0.176522,1.395354,0.203814,-0.281729,1.670730,0.207726,-0.390631,1.903550,0.190990,-0.480574,0.886130,-0.069264,-0.223066,1.285462,-0.127995,-0.355305,1.555194,-0.144081,-0.478758,1.790766,-0.165066,-0.570726,0.727984,-0.320599,-0.282266,0.998550,-0.515296,-0.431631,1.190429,-0.636963,-0.528305,1.371665,-0.739306,-0.596303
OPEN_PALM_UP,0.000000,0.000000,0.000000,0.158086,0.465581,-0.141180,0.470199,0.813544,-0.187553,0.704914,1.070750,-0.230630,0.880940,1.294224,-0.282865,0.933885,0.487962,-0.134696,1.311428,0.587061,-0.236757,1.549601,0.643931,-0.324094,1.757775,0.680171,-0.400622,0.959779,0.225550,-0.167184,1.396932,0.229719,-0.271414,1.672212,0.235585,-0.380501,1.903624,0.221558,-0.470573,0.879402,-0.039098,-0.219179,1.285718,-0.088891,-0.350392,1.558649,-0.104335,-0.472800,1.795600,-0.124224,-0.564179,0.719942,-0.286735,-0.282647,0.996709,-0.471973,-0.431639,1.194457,-0.587401,-0.528229,1.380703,-0.683104,-0.596419
OPEN_PALM_DOWN,0.000000,0.000000,0.000000,-0.107132,-0.477825,-0.175831,-0.336023,-0.873227,-0.265052,-0.525742,-1.175616,-0.343973,-0.699862,-1.432678,-0.430522,-0.885104,-0.641969,-0.198699,-1.308897,-0.709403,-0.334032,-1.577056,-0.748300,-0.451700,-1.815448,-0.786987,-0.546689,-0.906696,-0.361188,-0.217820,-1.392610,-0.330425,-0.348170,-1.695139,-0.318723,-0.477159,-1.949075,-0.322931,-0.585687,-0.837546,-0.084183,-0.255132,-1.289656,-0.027526,-0.400270,-1.576401,-0.000700,-0.509868,-1.813112,0.017255,-0.590800,-0.703309,0.173340,-0.306941,-1.023303,0.261760,-0.448228,-1.238852,0.298752,-0.524036,-1.433329,0.322110,-0.577572
OPEN_PALM_DOWN,0.000000,0.000000,0.000000,-0.111269,-0.483744,-0.174952,-0.334754,-0.891314,-0.265825,-0.522927,-1.200086,-0.346058,-0.701704,-1.453221,-0.435241,-0.883754,-0.643845,-0.208199,-1.310065,-0.718700,-0.345785,-1.580505,-0.755818,-0.464719,-1.820499,-0.789015,-0.560577,-0.902658,-0.364202,-0.229273,-1.401029,-0.330777,-0.361723,-1.706766,-0.315907,-0.494425,-1.961399,-0.318553,-0.606772,-0.831649,-0.085328,-0.267414,-1.291870,-0.026397,-0.414147,-1.582402,-0.005647,-0.527324,-1.817848,0.004306,-0.611969,-0.696993,0.173995,-0.319534,-1.019255,0.261327,-0.462448,-1.241075,0.294398,-0.540692,-1.439722,0.312572,-0.596982
OPEN_PALM_DOWN,0.000000,0.000000,0.000000,-0.116555,-0.481807,-0.171550,-0.341226,-0.889698,-0.261349,-0.530285,-1.200446,-0.341100,-0.706849,-1.456649,-0.430088,-0.887672,-0.638220,-0.205943,-1.316033,-0.711999,-0.343338,-1.587238,-0.748246,-0.462061,-1.828243,-0.780279,-0.557598,-0.904638,-0.359621,-0.228698,-1.404505,-0.324995,-0.360983,-1.711202,-0.309269,-0.493395,-1.967416,-0.311255,-0.605356,-0.832251,-0.081017,-0.268191,-1.293729,-0.021109,-0.414561,-1.584609,0.000233,-0.526770,-1.820362,0.010397,-0.610552,-0.697120,0.179147,-0.321409,-1.020215,0.265654,-0.463489,-1.242557,0.299191,-0.540409,-1.441770,0.317975,-0.595561
OPEN_PALM_DOWN,0.000000,0.000000,0.000000,-0.120365,-0.483609,-0.170729,-0.343783,-0.896714,-0.260363,-0.535856,-1.207907,-0.339378,-0.712677,-1.464604,-0.428135,-0.889291,-0.638043,-0.208505,-1.321158,-0.708707,-0.345880,-1.591714,-0.741429,-0.465009,-1.832678,-0.770774,-0.560770,-0.903383,-0.361071,-0.231358,-1.406497,-0.326951,-0.363871,-1.713376,-0.310960,-0.497762,-1.971187,-0.312879,-0.611043,-0.829301,-0.083101,-0.270247,-1.292447,-0.019141,-0.416007,-1.583278,0.000137,-0.528635,-1.818768,0.007104,-0.613109,-0.695172,0.177687,-0.322688,-1.018513,0.263629,-0.463110,-1.242660,0.294827,-0.539244,-1.443721,0.310611,-0.594464
OPEN_PALM_DOWN,0.000000,0.000000,0.000000,-0.122642,-0.483070,-0.168483,-0.346525,-0.892713,-0.256450,-0.541873,-1.202577,-0.333866,-0.715861,-1.462400,-0.420784,-0.892547,-0.635114,-0.202643,-1.327956,-0.699875,-0.337717,-1.597362,-0.729660,-0.455872,-1.837887,-0.759016,-0.550847,-0.905770,-0.359143,-0.224936,-1.409515,-0.325991,-0.354929,-1.716374,-0.310227,-0.487300,-1.975088,-0.312384,-0.599259,-0.831062,-0.083102,-0.263135,-1.293957,-0.015235,-0.405685,-1.583342,0.005097,-0.515895,-1.817615,0.011933,-0.598690,-0.697647,0.175773,-0.314965,-1.020784,0.264128,-0.451300,-1.244435,0.294760,-0.524652,-1.444593,0.308840,-0.578080
OPEN_PALM_DOWN,0.000000,0.000000,0.000000,-0.120308,-0.480849,-0.174498,-0.343042,-0.884281,-0.264972,-0.539812,-1.189175,-0.343505,-0.717063,-1.447486,-0.431050,-0.892772,-0.633588,-0.205271,-1.329273,-0.694384,-0.339681,-1.597079,-0.721490,-0.457678,-1.836012,-0.749655,-0.552307,-0.907141,-0.356798,-0.223137,-1.409976,-0.323026,-0.351669,-1.715196,-0.306311,-0.483065,-1.971839,-0.307075,-0.594429,-0.833533,-0.081391,-0.257522,-1.294371,-0.012631,-0.398398,-1.581926,0.007657,-0.508587,-1.814111,0.013761,-0.591686,-0.701524,0.175759,-0.306100,-1.023259,0.264158,-0.440696,-1.244963,0.293710,-0.514234,-1.442723,0.306190,-0.568173
OPEN_PALM_DOWN,0.000000,0.000000,0.000000,-0.125123,-0.480490,-0.174567,-0.346217,-0.881665,-0.267440,-0.549171,-1.188986,-0.347736,-0.730907,-1.450978,-0.437112,-0.892727,-0.634895,-0.205897,-1.333370,-0.693032,-0.338621,-1.602968,-0.715488,-0.455645,-1.841845,-0.738689,-0.549387,-0.907365,-0.356856,-0.222130,-1.419271,-0.321175,-0.347515,-1.726350,-0.303307,-0.478885,-1.982778,-0.302085,-0.591457,-0.834323,-0.081468,-0.254245,-1.300521,-0.007601,-0.392457,-1.590080,0.012616,-0.503846,-1.821315,0.018286,-0.588942,-0.704386,0.175352,-0.300324,-1.024897,0.269386,-0.432374,-1.247696,0.298835,-0.506588,-1.445610,0.310672,-0.562009
OPEN_PALM_DOWN,0.000000,0.000000,0.000000,-0.134704,-0.476514,-0.175968,-0.358513,-0.867056,-0.270095,-0.565774,-1.168605,-0.351543,-0.754501,-1.428134,-0.441181,-0.906080,-0.613407,-0.202430,-1.344790,-0.663703,-0.333191,-1.612933,-0.680885,-0.448852,-1.850711,-0.700231,-0.541400,-0.918255,-0.331688,-0.216314,-1.426848,-0.285340,-0.339641,-1.731404,-0.261758,-0.468843,-1.984387,-0.257603,-0.579910,-0.844487,-0.054638,-0.246598,-1.309014,0.029750,-0.382543,-1.596810,0.054215,-0.492405,-1.824587,0.063620,-0.576390,-0.715159,0.202662,-0.291120,-1.037224,0.302336,-0.420736,-1.258475,0.336151,-0.494236,-1.453351,0.350801,-0.548940
OPEN_PALM_DOWN,0.000000,0.000000,0.000000,-0.140621,-0.475708,-0.176005,-0.366879,-0.862294,-0.268805,-0.579607,-1.155632,-0.349136,-0.775724,-1.407174,-0.436904,-0.915092,-0.600982,-0.197754,-1.350319,-0.643797,-0.328757,-1.616057,-0.655795,-0.444851,-1.852393,-0.670300,-0.537180,-0.925904,-0.313414,-0.210889,-1.428973,-0.258312,-0.334521,-1.731717,-0.230051,-0.463184,-1.982875,-0.222231,-0.573256,-0.851458,-0.033404,-0.241110,-1.312490,0.056592,-0.377271,-1.598386,0.084343,-0.486494,-1.823905,0.097821,-0.569235,-0.721405,0.225414,-0.285744,-1.044579,0.329075,-0.415246,-1.264820,0.368430,-0.488464,-1.458315,0.387182,-0.542172
OPEN_PALM_DOWN,0.000000,0.000000,0.000000,-0.142835,-0.471350,-0.176074,-0.371637,-0.854090,-0.268521,-0.583239,-1.141842,-0.348856,-0.781550,-1.388126,-0.436487,-0.920104,-0.589679,-0.198427,-1.350878,-0.629569,-0.331081,-1.614689,-0.639522,-0.448069,-1.849935,-0.651543,-0.540813,-0.929528,-0.301311,-0.212576,-1.427174,-0.241645,-0.338090,-1.727840,-0.210014,-0.466998,-1.978077,-0.200040,-0.576694,-0.853631,-0.020916,-0.244191,-1.311442,0.070901,-0.382150,-1.595563,0.101664,-0.491363,-1.820322,0.118107,-0.573533,-0.721647,0.239164,-0.290289,-1.045477,0.342220,-0.421511,-1.264578,0.385166,-0.494953,-1.457796,0.407155,-0.548296
OPEN_PALM_DOWN,0.000000,0.000000,0.000000,-0.139745,-0.473369,-0.172576,-0.368422,-0.863569,-0.261513,-0.580263,-1.151530,-0.338732,-0.778605,-1.393131,-0.423399,-0.914064,-0.604562,-0.194631,-1.345158,-0.651108,-0.328058,-1.608834,-0.661324,-0.446004,-1.843018,-0.671248,-0.538976,-0.925505,-0.314887,-0.210444,-1.424888,-0.261750,-0.336640,-1.726438,-0.231925,-0.466865,-1.977150,-0.221729,-0.577116,-0.851402,-0.033436,-0.243497,-1.311480,0.052335,-0.381850,-1.596884,0.079075,-0.491456,-1.822833,0.092735,-0.573718,-0.720134,0.228299,-0.290749,-1.045937,0.329989,-0.422265,-1.267757,0.371447,-0.495440,-1.464249,0.391562,-0.548521
OPEN_PALM_DOWN,0.000000,0.000000,0.000000,-0.138074,-0.471408,-0.170682,-0.365274,-0.859506,-0.258279,-0.573151,-1.149180,-0.334582,-0.769011,-1.390199,-0.418829,-0.912009,-0.604210,-0.193732,-1.342947,-0.658480,-0.326669,-1.606815,-0.670905,-0.444163,-1.840263,-0.681555,-0.536700,-0.925386,-0.315476,-0.210086,-1.426172,-0.266700,-0.335538,-1.725893,-0.238745,-0.465417,-1.974402,-0.231129,-0.575490,-0.853142,-0.034404,-0.243469,-1.314826,0.047262,-0.381296,-1.599223,0.071117,-0.490655,-1.823974,0.080796,-0.572990,-0.722579,0.227396,-0.290902,-1.049731,0.323867,-0.422481,-1.270517,0.362869,-0.495389,-1.465939,0.380642,-0.548431
OPEN_PALM_DOWN,0.000000,0.000000,0.000000,-0.136441,-0.470212,-0.170318,-0.359930,-0.859261,-0.258448,-0.565764,-1.152229,-0.335264,-0.762849,-1.391776,-0.419936,-0.909798,-0.607854,-0.194939,-1.341374,-0.663337,-0.328113,-1.604676,-0.677429,-0.445587,-1.837488,-0.689586,-0.537842,-0.924564,-0.317167,-0.211157,-1.423568,-0.271308,-0.336993,-1.722105,-0.243783,-0.465935,-1.968697,-0.236516,-0.574991,-0.853818,-0.035039,-0.244265,-1.314552,0.041979,-0.381932,-1.599299,0.065625,-0.490370,-1.823828,0.075470,-0.571911,-0.724604,0.227671,-0.291381,-1.051335,0.320283,-0.422775,-1.271563,0.359151,-0.495069,-1.465667,0.376947,-0.547275
OPEN_PALM_DOWN,0.000000,0.000000,0.000000,-0.134011,-0.474550,-0.172498,-0.356034,-0.867210,-0.261092,-0.562402,-1.160632,-0.337905,-0.759738,-1.401226,-0.422816,-0.907588,-0.613765,-0.195610,-1.336692,-0.668047,-0.327930,-1.599460,-0.680808,-0.445833,-1.832006,-0.691621,-0.538869,-0.922285,-0.323855,-0.210969,-1.421413,-0.278042,-0.335807,-1.719847,-0.251207,-0.466451,-1.966458,-0.243620,-0.577511,-0.850490,-0.042380,-0.243224,-1.311011,0.036108,-0.380878,-1.596143,0.059938,-0.491912,-1.820580,0.069753,-0.575729,-0.720398,0.219168,-0.289538,-1.047394,0.313724,-0.421432,-1.269257,0.353470,-0.495449,-1.464360,0.372317,-0.549436
OPEN_PALM_DOWN,0.000000,0.000000,0.000000,-0.132680,-0.470294,-0.173273,-0.351782,-0.859224,-0.262412,-0.555243,-1.153647,-0.340217,-0.751466,-1.395263,-0.425332,-0.908432,-0.605318,-0.192668,-1.333749,-0.661375,-0.324046,-1.595110,-0.681431,-0.439955,-1.826562,-0.699148,-0.531448,-0.925394,-0.317062,-0.207647,-1.420490,-0.282758,-0.332587,-1.719344,-0.265441,-0.460206,-1.967038,-0.264114,-0.567760,-0.854999,-0.036842,-0.240109,-1.312041,0.031951,-0.378321,-1.597383,0.054695,-0.487336,-1.822542,0.065649,-0.568315,-0.725542,0.223903,-0.286778,-1.051116,0.317833,-0.419329,-1.271389,0.356498,-0.492983,-1.464557,0.375282,-0.545441
OPEN_PALM_DOWN,0.000000,0.000000,0.000000,-0.126212,-0.470335,-0.175737,-0.340274,-0.850068,-0.265478,-0.540195,-1.141668,-0.344238,-0.735142,-1.381375,-0.429469,-0.904674,-0.595091,-0.187284,-1.328537,-0.663105,-0.316184,-1.592478,-0.692214,-0.428528,-1.823191,-0.715863,-0.516882,-0.929769,-0.309407,-0.199491,-1.421390,-0.292205,-0.321770,-1.720267,-0.288892,-0.445094,-1.966175,-0.297015,-0.547888,-0.865899,-0.030145,-0.230082,-1.320448,0.026602,-0.365624,-1.605496,0.041682,-0.472072,-1.830028,0.049165,-0.550005,-0.740298,0.229787,-0.275298,-1.064004,0.318742,-0.405995,-1.280448,0.351890,-0.478658,-1.468623,0.367501,-0.529054
OPEN_PALM_DOWN,0.000000,0.000000,0.000000,-0.117397,-0.480410,-0.184835,-0.323416,-0.851159,-0.279505,-0.532194,-1.133011,-0.362192,-0.741483,-1.352298,-0.450734,-0.900758,-0.591815,-0.188211,-1.337363,-0.655162,-0.320076,-1.612271,-0.686054,-0.434233,-1.849548,-0.711726,-0.522612,-0.933942,-0.300609,-0.193356,-1.428718,-0.292351,-0.318666,-1.733530,-0.294059,-0.443388,-1.983091,-0.309648,-0.545197,-0.877915,-0.017337,-0.217770,-1.332998,0.030279,-0.354862,-1.621801,0.047627,-0.462226,-1.848554,0.060863,-0.538637,-0.759525,0.246179,-0.257362,-1.078703,0.321525,-0.386119,-1.289650,0.347303,-0.458368,-1.471058,0.359267,-0.506994
OPEN_PALM_DOWN,0.000000,0.000000,0.000000,-0.100875,-0.442198,-0.230939,-0.296368,-0.769103,-0.344915,-0.527383,-0.997894,-0.438400,-0.760606,-1.162448,-0.534280,-0.904277,-0.551847,-0.213120,-1.351375,-0.604881,-0.348501,-1.627792,-0.629476,-0.468468,-1.863440,-0.650152,-0.559267,-0.943547,-0.271441,-0.189838,-1.432269,-0.270621,-0.312195,-1.735630,-0.266043,-0.437645,-1.981294,-0.273685,-0.539049,-0.892435,-0.009392,-0.189783,-1.331313,0.025325,-0.317351,-1.607654,0.043430,-0.423836,-1.822892,0.063925,-0.500942,-0.778495,0.234591,-0.210132,-1.074607,0.285713,-0.330215,-1.272378,0.300021,-0.403567,-1.440992,0.309991,-0.454272
TWO_FINGER,0.000000,0.000000,0.000000,0.272285,0.299314,-0.136264,0.643788,0.289685,-0.194386,0.824896,-0.080402,-0.261576,0.890268,-0.417394,-0.328437,1.033059,0.164538,-0.094239,1.462782,0.152558,-0.214295,1.729917,0.145676,-0.292201,1.963819,0.125358,-0.345396,0.980253,-0.138662,-0.140986,1.445277,-0.284561,-0.293650,1.749412,-0.353872,-0.396958,2.005995,-0.441999,-0.448796,0.823901,-0.399250,-0.208256,1.017707,-0.535145,-0.459893,0.742762,-0.327864,-0.525385,0.552242,-0.174641,-0.493449,0.613525,-0.617549,-0.281742,0.780012,-0.721397,-0.479441,0.614137,-0.542172,-0.493100,0.475061,-0.381375,-0.458260
TWO_FINGER,0.000000,0.000000,0.000000,0.272776,0.303838,-0.135204,0.645264,0.293097,-0.191256,0.820103,-0.065169,-0.255517,0.877442,-0.402908,-0.319718,1.030568,0.164590,-0.096185,1.463139,0.158158,-0.213793,1.732924,0.151097,-0.289245,1.968849,0.134230,-0.340762,0.979700,-0.141762,-0.141742,1.445125,-0.284577,-0.292215,1.750979,-0.358167,-0.393917,2.006608,-0.446130,-0.444420,0.826011,-0.404539,-0.207156,1.026815,-0.539756,-0.457853,0.750671,-0.334371,-0.523658,0.555894,-0.180940,-0.491282,0.615268,-0.623225,-0.278424,0.784472,-0.720318,-0.476948,0.616415,-0.538258,-0.491130,0.473115,-0.375001,-0.455592
TWO_FINGER,0.000000,0.000000,0.000000,0.270917,0.302984,-0.136065,0.642259,0.294540,-0.192206,0.815568,-0.061795,-0.256381,0.871113,-0.399392,-0.320476,1.030297,0.166177,-0.096892,1.462566,0.160099,-0.214994,1.732654,0.152821,-0.290782,1.968209,0.135303,-0.342297,0.979949,-0.139777,-0.141997,1.445610,-0.283133,-0.292094,1.751856,-0.356700,-0.393566,2.007442,-0.444147,-0.443987,0.826610,-0.402269,-0.207127,1.026015,-0.539229,-0.457662,0.750246,-0.336225,-0.523984,0.555554,-0.183987,-0.491950,0.616117,-0.620650,-0.278254,0.783918,-0.718576,-0.476744,0.615891,-0.538069,-0.491280,0.472297,-0.375902,-0.455958
TWO_FINGER,0.000000,0.000000,0.000000,0.269060,0.307894,-0.136597,0.641455,0.299773,-0.192052,0.812919,-0.058610,-0.254702,0.869612,-0.399034,-0.317273,1.028761,0.169806,-0.098083,1.463287,0.166092,-0.216095,1.735030,0.159122,-0.291825,1.971993,0.144159,-0.343253,0.979763,-0.140191,-0.142867,1.447591,-0.282866,-0.292764,1.754780,-0.358190,-0.394301,2.010907,-0.447427,-0.444065,0.827477,-0.404366,-0.207648,1.027576,-0.540970,-0.459794,0.747932,-0.336417,-0.526878,0.551360,-0.183924,-0.494181,0.615715,-0.623470,-0.278200,0.785508,-0.719722,-0.478665,0.614310,-0.536690,-0.493176,0.468641,-0.373081,-0.456872
TWO_FINGER,0.000000,0.000000,0.000000,0.269964,0.300195,-0.136581,0.641789,0.288979,-0.190428,0.809343,-0.068539,-0.251651,0.868149,-0.407532,-0.311933,1.029505,0.162634,-0.092182,1.461666,0.160462,-0.207960,1.732835,0.155020,-0.282232,1.969543,0.140064,-0.332802,0.980061,-0.144778,-0.136091,1.444478,-0.286377,-0.283901,1.750380,-0.359425,-0.385160,2.005970,-0.447303,-0.435273,0.828199,-0.406836,-0.200551,1.025241,-0.547562,-0.451394,0.745571,-0.344144,-0.520211,0.550409,-0.192150,-0.489146,0.617471,-0.622728,-0.270964,0.780496,-0.717644,-0.471072,0.608513,-0.535035,-0.488041,0.464159,-0.371587,-0.453924
TWO_FINGER,0.000000,0.000000,0.000000,0.269211,0.301852,-0.137988,0.642705,0.286369,-0.190538,0.808284,-0.067077,-0.249614,0.862210,-0.405817,-0.307135,1.028819,0.160568,-0.092787,1.467084,0.160156,-0.207676,1.739989,0.155704,-0.280707,1.979370,0.145417,-0.330427,0.979551,-0.148633,-0.135602,1.445148,-0.284820,-0.282016,1.751054,-0.354236,-0.381508,2.006589,-0.438225,-0.430298,0.829097,-0.411286,-0.199423,1.035550,-0.552782,-0.451536,0.750417,-0.346681,-0.521204,0.549945,-0.191701,-0.490005,0.618503,-0.627461,-0.269144,0.783165,-0.719112,-0.472209,0.608276,-0.532753,-0.491553,0.462879,-0.366975,-0.458573
TWO_FINGER,0.000000,0.000000,0.000000,0.270999,0.300762,-0.147588,0.652291,0.280660,-0.199000,0.825609,-0.084127,-0.254117,0.879697,-0.427636,-0.307149,1.026585,0.160994,-0.094878,1.472179,0.159763,-0.210376,1.752381,0.154667,-0.284485,1.997879,0.146976,-0.334251,0.979106,-0.153114,-0.133819,1.452016,-0.287007,-0.276115,1.763421,-0.352591,-0.373951,2.021188,-0.430258,-0.421336,0.828829,-0.418533,-0.195248,1.047333,-0.561468,-0.449963,0.760461,-0.356948,-0.520732,0.556963,-0.203162,-0.488165,0.615704,-0.639712,-0.263260,0.791220,-0.729487,-0.469790,0.614931,-0.541856,-0.488380,0.467356,-0.378254,-0.453285
TWO_FINGER,0.000000,0.000000,0.000000,0.266099,0.297136,-0.161388,0.652236,0.273615,-0.217047,0.832405,-0.104540,-0.272036,0.885677,-0.453600,-0.324569,1.020877,0.157531,-0.112733,1.477965,0.154576,-0.234412,1.768241,0.149502,-0.312949,2.020846,0.145583,-0.364182,0.975279,-0.165205,-0.146759,1.459301,-0.296787,-0.290016,1.776599,-0.359484,-0.387915,2.037650,-0.430818,-0.434416,0.825798,-0.435325,-0.203888,1.055443,-0.576709,-0.464085,0.766658,-0.374346,-0.533279,0.560014,-0.223804,-0.496955,0.610775,-0.661790,-0.268459,0.796922,-0.745695,-0.478899,0.618620,-0.555568,-0.492749,0.468469,-0.397825,-0.452041
TWO_FINGER,0.000000,0.000000,0.000000,0.259302,0.293350,-0.167410,0.652193,0.271430,-0.228947,0.843942,-0.120551,-0.288072,0.906478,-0.475583,-0.345419,1.015673,0.158969,-0.126354,1.478060,0.153263,-0.254761,1.773030,0.149845,-0.338487,2.028907,0.147426,-0.392099,0.972191,-0.171669,-0.159293,1.463479,-0.300965,-0.308814,1.783904,-0.361503,-0.410174,2.049863,-0.431708,-0.457501,0.824903,-0.445849,-0.214566,1.056544,-0.576495,-0.481923,0.764868,-0.379357,-0.549131,0.558386,-0.238594,-0.509005,0.610089,-0.675195,-0.277329,0.802879,-0.750397,-0.491860,0.622431,-0.559585,-0.500226,0.468010,-0.408527,-0.453470
TWO_FINGER,0.000000,0.000000,0.000000,0.261247,0.289818,-0.154138,0.644273,0.276204,-0.214172,0.834269,-0.103576,-0.276478,0.896515,-0.451337,-0.337287,1.023337,0.171379,-0.110035,1.469330,0.174592,-0.230792,1.748306,0.174372,-0.310025,1.991209,0.169275,-0.362317,0.978487,-0.145173,-0.146589,1.455582,-0.267065,-0.291368,1.764579,-0.324875,-0.392091,2.025459,-0.396774,-0.442432,0.832653,-0.411383,-0.204740,1.046738,-0.545360,-0.456721,0.768303,-0.350460,-0.527050,0.570497,-0.210732,-0.496101,0.625328,-0.633097,-0.270332,0.803781,-0.711335,-0.468478,0.634159,-0.523730,-0.481631,0.486000,-0.369452,-0.444557
TWO_FINGER,0.000000,0.000000,0.000000,0.265848,0.283123,-0.136514,0.637147,0.274792,-0.193900,0.822826,-0.084900,-0.259927,0.882203,-0.424995,-0.325315,1.030674,0.178111,-0.089831,1.463173,0.189693,-0.203718,1.727165,0.194100,-0.278774,1.959398,0.186060,-0.330207,0.983629,-0.121364,-0.133211,1.446614,-0.238101,-0.275503,1.744474,-0.296625,-0.375727,2.001331,-0.374829,-0.428666,0.837136,-0.377433,-0.197261,1.035321,-0.521619,-0.436442,0.767146,-0.326155,-0.508803,0.576426,-0.180489,-0.485568,0.636230,-0.591311,-0.268310,0.797620,-0.683617,-0.452703,0.637419,-0.501564,-0.470392,0.496232,-0.342196,-0.442265
TWO_FINGER,0.000000,0.000000,0.000000,0.270201,0.278893,-0.131005,0.634639,0.270746,-0.188215,0.817175,-0.079220,-0.256268,0.878598,-0.415887,-0.323655,1.034119,0.177676,-0.083147,1.458679,0.190550,-0.193379,1.715563,0.195016,-0.266261,1.942651,0.184510,-0.317120,0.985227,-0.113589,-0.128162,1.439601,-0.230553,-0.267847,1.732211,-0.290821,-0.366913,1.986315,-0.371627,-0.421033,0.838633,-0.364368,-0.193709,1.027305,-0.514769,-0.424782,0.765257,-0.319581,-0.496985,0.578971,-0.171116,-0.477450,0.641580,-0.573451,-0.266553,0.795039,-0.673284,-0.442376,0.640089,-0.493533,-0.461734,0.502663,-0.330710,-0.438068
TWO_FINGER,0.000000,0.000000,0.000000,0.272220,0.278377,-0.131483,0.637927,0.267663,-0.189007,0.821977,-0.081696,-0.257403,0.891341,-0.417819,-0.325130,1.034164,0.176036,-0.082626,1.459164,0.186851,-0.192654,1.716403,0.191327,-0.265564,1.944741,0.181472,-0.316545,0.985231,-0.114441,-0.127368,1.439891,-0.233306,-0.266152,1.733155,-0.295571,-0.364758,1.988358,-0.376964,-0.418881,0.838198,-0.365801,-0.192730,1.026566,-0.517550,-0.423167,0.764036,-0.326761,-0.494016,0.578588,-0.180688,-0.473807,0.640417,-0.575403,-0.265507,0.797293,-0.678313,-0.441170,0.641062,-0.501020,-0.459110,0.501431,-0.338708,-0.434317
TWO_FINGER,0.000000,0.000000,0.000000,0.265470,0.291848,-0.136622,0.631902,0.284139,-0.196124,0.816029,-0.066052,-0.265037,0.884623,-0.398339,-0.333288,1.030139,0.189651,-0.089990,1.457246,0.199813,-0.205223,1.719473,0.203534,-0.282138,1.952118,0.199546,-0.335447,0.985221,-0.106880,-0.133850,1.442732,-0.226025,-0.277391,1.739868,-0.289624,-0.378595,1.994870,-0.368827,-0.432675,0.841629,-0.364902,-0.198564,1.033236,-0.510546,-0.435313,0.760674,-0.324221,-0.505099,0.565888,-0.182674,-0.481473,0.642134,-0.582403,-0.270842,0.799807,-0.680936,-0.452732,0.635317,-0.506328,-0.469196,0.490240,-0.349579,-0.440792
TWO_FINGER,0.000000,0.000000,0.000000,0.254828,0.300478,-0.148195,0.624278,0.298658,-0.210101,0.807027,-0.050674,-0.277747,0.864501,-0.388066,-0.344899,1.024356,0.198973,-0.105977,1.461758,0.218733,-0.229296,1.732570,0.225649,-0.312029,1.973156,0.230576,-0.367649,0.983159,-0.108616,-0.146973,1.451182,-0.220345,-0.296006,1.755833,-0.281023,-0.399344,2.012254,-0.353941,-0.451585,0.841854,-0.375619,-0.209490,1.046242,-0.509637,-0.458319,0.761312,-0.328708,-0.528649,0.555449,-0.191895,-0.499575,0.639319,-0.602802,-0.279769,0.801288,-0.690384,-0.473763,0.626137,-0.517651,-0.488524,0.475167,-0.370068,-0.453957
TWO_FINGER,0.000000,0.000000,0.000000,0.253709,0.306318,-0.154116,0.625443,0.304240,-0.219315,0.811889,-0.050089,-0.288039,0.872239,-0.391381,-0.355704,1.020666,0.193425,-0.119241,1.462906,0.219992,-0.247000,1.739006,0.231595,-0.332280,1.984908,0.243521,-0.389059,0.980213,-0.119221,-0.158017,1.449310,-0.222169,-0.309850,1.760068,-0.277317,-0.412831,2.018987,-0.344449,-0.464282,0.839745,-0.390013,-0.218282,1.049910,-0.513589,-0.471018,0.761780,-0.329715,-0.538229,0.551135,-0.193339,-0.505722,0.635073,-0.620773,-0.286578,0.799536,-0.693417,-0.484555,0.619799,-0.515542,-0.497164,0.465585,-0.368589,-0.459573
TWO_FINGER,0.000000,0.000000,0.000000,0.257103,0.314555,-0.149750,0.631813,0.319415,-0.216315,0.814865,-0.029913,-0.288077,0.862174,-0.376227,-0.359925,1.021691,0.188816,-0.121287,1.466831,0.218966,-0.247494,1.741165,0.234391,-0.330889,1.985811,0.247824,-0.386884,0.978687,-0.123661,-0.163948,1.451307,-0.220133,-0.315247,1.761740,-0.270846,-0.416850,2.021164,-0.338519,-0.467845,0.836403,-0.392977,-0.227084,1.052006,-0.504953,-0.477684,0.765412,-0.314060,-0.542001,0.554439,-0.177407,-0.508277,0.630065,-0.622284,-0.297982,0.800357,-0.687009,-0.492252,0.622838,-0.501234,-0.501794,0.467786,-0.352849,-0.463071
TWO_FINGER,0.000000,0.000000,0.000000,0.231992,0.273767,-0.187623,0.595034,0.280608,-0.256763,0.784869,-0.043627,-0.320395,0.849264,-0.365642,-0.381332,1.003172,0.223544,-0.143650,1.455802,0.243394,-0.268757,1.739337,0.246096,-0.350476,1.987462,0.247689,-0.402625,0.984187,-0.076750,-0.159640,1.464767,-0.187855,-0.306761,1.779900,-0.246518,-0.405470,2.039053,-0.310620,-0.450424,0.862742,-0.339101,-0.199447,1.049658,-0.499081,-0.447483,0.763842,-0.358624,-0.518767,0.558235,-0.240616,-0.486985,0.676773,-0.557200,-0.250357,0.824221,-0.663172,-0.447361,0.642282,-0.520979,-0.464066,0.487829,-0.391107,-0.427335
